date,ts,value,breakdown
2026-02-22,2026-02-22T08:12:20.227Z,3199322.51571335,"[{""id"":""1771739140545"",""name"":""1"",""value"":1932749.4157133498,""entries"":[{""id"":1771739073757,""symbol"":""00631L"",""type"":""TW"",""shares"":""1602"",""currentPrice"":486.1,""change"":0,""valueTWD"":778732.2000000001,""targetPct"":32},{""id"":1771739088789,""symbol"":""SHLD"",""type"":""US"",""shares"":""97"",""currentPrice"":75.46,""change"":-0.3434,""valueTWD"":230848.04206309997,""targetPct"":14},{""id"":1771739103427,""symbol"":""QLD"",""type"":""US"",""shares"":""148"",""currentPrice"":68.4,""change"":1.7252,""valueTWD"":319268.06301600003,""targetPct"":20},{""id"":1771739115751,""symbol"":""UFO"",""type"":""US"",""shares"":""159"",""currentPrice"":44.65,""change"":-1.326,""valueTWD"":223901.11063424998,""targetPct"":14},{""id"":1771739139088,""symbol"":"""",""type"":""cash"",""shares"":""380000"",""currentPrice"":1,""change"":0,""valueTWD"":380000,""targetPct"":20}]},{""id"":""1771743053489"",""name"":""2"",""value"":1266573.1,""entries"":[{""id"":1771742957222,""symbol"":""00713"",""type"":""TW"",""shares"":""9000"",""currentPrice"":52.4,""change"":0.6724303554274763,""valueTWD"":471600,""targetPct"":37},{""id"":1771742979259,""symbol"":""00910"",""type"":""TW"",""shares"":""3000"",""currentPrice"":55.15,""change"":-1.955555555555558,""valueTWD"":165450,""targetPct"":13},{""id"":1771743023570,""symbol"":""00631L"",""type"":""TW"",""shares"":""1171"",""currentPrice"":486.1,""change"":0,""valueTWD"":569223.1,""targetPct"":45},{""id"":1771743050550,""symbol"":""00991A"",""type"":""TW"",""shares"":""5000"",""currentPrice"":12.06,""change"":2.3769100169779387,""valueTWD"":60300,""targetPct"":5}]}]"
2026-02-23,2026-02-23T06:17:48.735Z,3207477.12,"[{""id"":""1771739140545"",""name"":""1"",""value"":1933501.4200000002,""entries"":[{""id"":1771739073757,""symbol"":""00631L"",""type"":""TW"",""shares"":""1602"",""currentPrice"":486.7,""change"":0.12343139271754082,""valueTWD"":779693.4,""targetPct"":32},{""id"":1771739088789,""symbol"":""SHLD"",""type"":""US"",""shares"":""97"",""currentPrice"":75.46,""change"":-0.34337031167459736,""valueTWD"":230785.65,""targetPct"":14},{""id"":1771739103427,""symbol"":""QLD"",""type"":""US"",""shares"":""148"",""currentPrice"":68.4,""change"":1.7251635930993616,""valueTWD"":319181.77,""targetPct"":20},{""id"":1771739115751,""symbol"":""UFO"",""type"":""US"",""shares"":""159"",""currentPrice"":44.65,""change"":-1.3259668508287323,""valueTWD"":223840.6,""targetPct"":14},{""id"":1771739139088,""symbol"":"""",""type"":""cash"",""shares"":""380000"",""currentPrice"":1,""change"":0,""valueTWD"":380000,""targetPct"":20}]},{""id"":""1771743053489"",""name"":""2"",""value"":1273975.7,""entries"":[{""id"":1771742957222,""symbol"":""00713"",""type"":""TW"",""shares"":""9000"",""currentPrice"":53.4,""change"":1.9083969465648856,""valueTWD"":480600,""targetPct"":37},{""id"":1771742979259,""symbol"":""00910"",""type"":""TW"",""shares"":""3000"",""currentPrice"":54.1,""change"":-1.9038984587488614,""valueTWD"":162300,""targetPct"":13},{""id"":1771743023570,""symbol"":""00631L"",""type"":""TW"",""shares"":""1171"",""currentPrice"":486.7,""change"":0.12343139271754082,""valueTWD"":569925.7,""targetPct"":45},{""id"":1771743050550,""symbol"":""00991A"",""type"":""TW"",""shares"":""5000"",""currentPrice"":12.23,""change"":1.4096185737976776,""valueTWD"":61150,""targetPct"":5}]}]"
2026-02-24,2026-02-24T06:00:50.044Z,3273736.23,"[{""id"":""1771739140545"",""name"":""1"",""value"":1962182.38,""entries"":[{""id"":1771739073757,""symbol"":""00631L"",""type"":""TW"",""shares"":""1602"",""currentPrice"":514.35,""change"":5.681117731662222,""valueTWD"":823988.7,""targetPct"":32},{""id"":1771739088789,""symbol"":""SHLD"",""type"":""US"",""shares"":""97"",""currentPrice"":74.34,""change"":-1.4842300556586145,""valueTWD"":226782.19,""targetPct"":14},{""id"":1771739103427,""symbol"":""QLD"",""type"":""US"",""shares"":""148"",""currentPrice"":66.75,""change"":-2.412280701754394,""valueTWD"":310690.26,""targetPct"":20},{""id"":1771739115751,""symbol"":""UFO"",""type"":""US"",""shares"":""159"",""currentPrice"":44.14,""change"":-1.142217245240757,""valueTWD"":220721.23,""targetPct"":14},{""id"":1771739139088,""symbol"":"""",""type"":""cash"",""shares"":""380000"",""currentPrice"":1,""change"":0,""valueTWD"":380000,""targetPct"":20}]},{""id"":""1771743053489"",""name"":""2"",""value"":1311553.85,""entries"":[{""id"":1771742957222,""symbol"":""00713"",""type"":""TW"",""shares"":""9000"",""currentPrice"":53.6,""change"":0.37453183520599787,""valueTWD"":482400,""targetPct"":37},{""id"":1771742979259,""symbol"":""00910"",""type"":""TW"",""shares"":""3000"",""currentPrice"":54.35,""change"":0.4621072088724584,""valueTWD"":163050,""targetPct"":13},{""id"":1771743023570,""symbol"":""00631L"",""type"":""TW"",""shares"":""1171"",""currentPrice"":514.35,""change"":5.681117731662222,""valueTWD"":602303.85,""targetPct"":45},{""id"":1771743050550,""symbol"":""00991A"",""type"":""TW"",""shares"":""5000"",""currentPrice"":12.76,""change"":4.333605887162709,""valueTWD"":63800,""targetPct"":5}]}]"
2026-02-25,2026-02-25T06:00:40.668Z,3345349.8200000003,"[{""id"":""1771739140545"",""name"":""1"",""value"":2005102.9200000002,""entries"":[{""id"":1771739073757,""symbol"":""00631L"",""type"":""TW"",""shares"":""1602"",""currentPrice"":533.9,""change"":3.8110052498541753,""valueTWD"":855307.8,""targetPct"":32},{""id"":1771739088789,""symbol"":""SHLD"",""type"":""US"",""shares"":""97"",""currentPrice"":74.89,""change"":0.7398439601829394,""valueTWD"":228460.03,""targetPct"":14},{""id"":1771739103427,""symbol"":""QLD"",""type"":""US"",""shares"":""148"",""currentPrice"":68.13,""change"":2.067415730337072,""valueTWD"":317113.52,""targetPct"":20},{""id"":1771739115751,""symbol"":""UFO"",""type"":""US"",""shares"":""159"",""currentPrice"":44.84,""change"":1.5858631626642565,""valueTWD"":224221.57,""targetPct"":14},{""id"":1771739139088,""symbol"":"""",""type"":""cash"",""shares"":""380000"",""currentPrice"":1,""change"":0,""valueTWD"":380000,""targetPct"":20}]},{""id"":""1771743053489"",""name"":""2"",""value"":1340246.9,""entries"":[{""id"":1771742957222,""symbol"":""00713"",""type"":""TW"",""shares"":""9000"",""currentPrice"":53.85,""change"":0.3727865796831367,""valueTWD"":484650,""targetPct"":37},{""id"":1771742979259,""symbol"":""00910"",""type"":""TW"",""shares"":""3000"",""currentPrice"":55.4,""change"":1.7447199265381006,""valueTWD"":166200,""targetPct"":13},{""id"":1771743023570,""symbol"":""00631L"",""type"":""TW"",""shares"":""1171"",""currentPrice"":533.9,""change"":3.8110052498541753,""valueTWD"":625196.9,""targetPct"":45},{""id"":1771743050550,""symbol"":""00991A"",""type"":""TW"",""shares"":""5000"",""currentPrice"":12.84,""change"":0.7058823529411754,""valueTWD"":64200,""targetPct"":5}]}]"
2026-02-26,2026-02-26T06:19:38.627Z,3358249.3600000003,"[{""id"":""1771739140545"",""name"":""國泰"",""value"":2011977.01,""entries"":[{""id"":1771739073757,""symbol"":""00631L"",""type"":""TW"",""shares"":""1602"",""currentPrice"":537.85,""change"":0.7398389211462906,""valueTWD"":861635.7,""targetPct"":32},{""id"":1771739088789,""symbol"":""SHLD"",""type"":""US"",""shares"":""97"",""currentPrice"":73.92,""change"":-1.2952330084123367,""valueTWD"":224533,""targetPct"":14},{""id"":1771739103427,""symbol"":""QLD"",""type"":""US"",""shares"":""148"",""currentPrice"":70.08,""change"":2.8621752531924307,""valueTWD"":324789.74,""targetPct"":20},{""id"":1771739115751,""symbol"":""UFO"",""type"":""US"",""shares"":""159"",""currentPrice"":44.39,""change"":-1.0035682426405057,""valueTWD"":221018.57,""targetPct"":14},{""id"":1771739139088,""symbol"":"""",""type"":""cash"",""shares"":""380000"",""currentPrice"":1,""change"":0,""valueTWD"":380000,""targetPct"":20}]},{""id"":""1771743053489"",""name"":""第一金"",""value"":1346272.35,""entries"":[{""id"":1771742957222,""symbol"":""00713"",""type"":""TW"",""shares"":""9000"",""currentPrice"":54,""change"":0.27855153203342353,""valueTWD"":486000,""targetPct"":37},{""id"":1771742979259,""symbol"":""00910"",""type"":""TW"",""shares"":""3000"",""currentPrice"":55.35,""change"":-0.09025270758122231,""valueTWD"":166050,""targetPct"":13},{""id"":1771743023570,""symbol"":""00631L"",""type"":""TW"",""shares"":""1171"",""currentPrice"":537.85,""change"":0.7398389211462906,""valueTWD"":629822.35,""targetPct"":45},{""id"":1771743050550,""symbol"":""00991A"",""type"":""TW"",""shares"":""5000"",""currentPrice"":12.88,""change"":0.311526479750786,""valueTWD"":64400,""targetPct"":5}]}]"
2026-02-27,2026-02-27T06:52:30.296Z,3353545.3000000003,"[{""id"":""1771739140545"",""name"":""國泰"",""value"":2007272.9500000002,""entries"":[{""id"":1771739073757,""symbol"":""00631L"",""type"":""TW"",""shares"":""1602"",""currentPrice"":537.85,""change"":0.7398389211462906,""valueTWD"":861635.7,""targetPct"":32},{""id"":1771739088789,""symbol"":""SHLD"",""type"":""US"",""shares"":""97"",""currentPrice"":74.34,""change"":0.5681818181818205,""valueTWD"":225450.35,""targetPct"":14},{""id"":1771739103427,""symbol"":""QLD"",""type"":""US"",""shares"":""148"",""currentPrice"":68.44,""change"":-2.3401826484018273,""valueTWD"":316685.61,""targetPct"":20},{""id"":1771739115751,""symbol"":""UFO"",""type"":""US"",""shares"":""159"",""currentPrice"":44.96,""change"":1.2840729894120304,""valueTWD"":223501.29,""targetPct"":14},{""id"":1771739139088,""symbol"":"""",""type"":""cash"",""shares"":""380000"",""currentPrice"":1,""change"":0,""valueTWD"":380000,""targetPct"":20}]},{""id"":""1771743053489"",""name"":""第一金"",""value"":1346272.35,""entries"":[{""id"":1771742957222,""symbol"":""00713"",""type"":""TW"",""shares"":""9000"",""currentPrice"":54,""change"":0.27855153203342353,""valueTWD"":486000,""targetPct"":37},{""id"":1771742979259,""symbol"":""00910"",""type"":""TW"",""shares"":""3000"",""currentPrice"":55.35,""change"":-0.09025270758122231,""valueTWD"":166050,""targetPct"":13},{""id"":1771743023570,""symbol"":""00631L"",""type"":""TW"",""shares"":""1171"",""currentPrice"":537.85,""change"":0.7398389211462906,""valueTWD"":629822.35,""targetPct"":45},{""id"":1771743050550,""symbol"":""00991A"",""type"":""TW"",""shares"":""5000"",""currentPrice"":12.88,""change"":0.311526479750786,""valueTWD"":64400,""targetPct"":5}]}]"
2026-02-28,2026-02-27T21:23:36.848Z,3350465.4000000004,"[{""id"":""1771739140545"",""name"":""國泰"",""value"":2004193.05,""entries"":[{""id"":1771739073757,""symbol"":""00631L"",""type"":""TW"",""shares"":""1602"",""currentPrice"":537.85,""change"":0.7398389211462906,""valueTWD"":861635.7,""targetPct"":32},{""id"":1771739088789,""symbol"":""SHLD"",""type"":""US"",""shares"":""97"",""currentPrice"":74.86,""change"":0.6994888350820501,""valueTWD"":227027.35,""targetPct"":14},{""id"":1771739103427,""symbol"":""QLD"",""type"":""US"",""shares"":""148"",""currentPrice"":67.96,""change"":-0.7013442431326767,""valueTWD"":314464.55,""targetPct"":20},{""id"":1771739115751,""symbol"":""UFO"",""type"":""US"",""shares"":""159"",""currentPrice"":44.47,""change"":-1.089857651245556,""valueTWD"":221065.45,""targetPct"":14},{""id"":1771739139088,""symbol"":"""",""type"":""cash"",""shares"":""380000"",""currentPrice"":1,""change"":0,""valueTWD"":380000,""targetPct"":20}]},{""id"":""1771743053489"",""name"":""第一金"",""value"":1346272.35,""entries"":[{""id"":1771742957222,""symbol"":""00713"",""type"":""TW"",""shares"":""9000"",""currentPrice"":54,""change"":0.27855153203342353,""valueTWD"":486000,""targetPct"":37},{""id"":1771742979259,""symbol"":""00910"",""type"":""TW"",""shares"":""3000"",""currentPrice"":55.35,""change"":-0.09025270758122231,""valueTWD"":166050,""targetPct"":13},{""id"":1771743023570,""symbol"":""00631L"",""type"":""TW"",""shares"":""1171"",""currentPrice"":537.85,""change"":0.7398389211462906,""valueTWD"":629822.35,""targetPct"":45},{""id"":1771743050550,""symbol"":""00991A"",""type"":""TW"",""shares"":""5000"",""currentPrice"":12.88,""change"":0.311526479750786,""valueTWD"":64400,""targetPct"":5}]}]"
2026-03-01,2026-03-01T06:00:07.111Z,3380734.8200000003,"[{""id"":""1771739140545"",""name"":""國泰"",""value"":2034462.47,""entries"":[{""id"":1771739073757,""symbol"":""00631L"",""type"":""TW"",""shares"":""1602"",""currentPrice"":537.85,""change"":0.7398389211462906,""valueTWD"":861635.7,""targetPct"":32},{""id"":1771739088789,""symbol"":""SHLD"",""type"":""US"",""shares"":""97"",""currentPrice"":74.86,""change"":0.6994888350820501,""valueTWD"":235996.15,""targetPct"":14},{""id"":1771739103427,""symbol"":""QLD"",""type"":""US"",""shares"":""148"",""currentPrice"":67.99,""change"":-0.6575102279368832,""valueTWD"":327031.9,""targetPct"":20},{""id"":1771739115751,""symbol"":""UFO"",""type"":""US"",""shares"":""159"",""currentPrice"":44.47,""change"":-1.089857651245556,""valueTWD"":229798.72,""targetPct"":14},{""id"":1771739139088,""symbol"":"""",""type"":""cash"",""shares"":""380000"",""currentPrice"":1,""change"":0,""valueTWD"":380000,""targetPct"":20}]},{""id"":""1771743053489"",""name"":""第一金"",""value"":1346272.35,""entries"":[{""id"":1771742957222,""symbol"":""00713"",""type"":""TW"",""shares"":""9000"",""currentPrice"":54,""change"":0.27855153203342353,""valueTWD"":486000,""targetPct"":37},{""id"":1771742979259,""symbol"":""00910"",""type"":""TW"",""shares"":""3000"",""currentPrice"":55.35,""change"":-0.09025270758122231,""valueTWD"":166050,""targetPct"":13},{""id"":1771743023570,""symbol"":""00631L"",""type"":""TW"",""shares"":""1171"",""currentPrice"":537.85,""change"":0.7398389211462906,""valueTWD"":629822.35,""targetPct"":45},{""id"":1771743050550,""symbol"":""00991A"",""type"":""TW"",""shares"":""5000"",""currentPrice"":12.88,""change"":0.311526479750786,""valueTWD"":64400,""targetPct"":5}]}]"
2026-03-02,2026-03-02T06:10:18.344Z,3316719.4699999997,"[{""id"":""1771739140545"",""name"":""國泰"",""value"":1988330.72,""entries"":[{""id"":1771739073757,""symbol"":""00631L"",""type"":""TW"",""shares"":""1602"",""currentPrice"":526.25,""change"":-2.156735149205173,""valueTWD"":843052.5,""targetPct"":32},{""id"":1771739088789,""symbol"":""SHLD"",""type"":""US"",""shares"":""97"",""currentPrice"":74.86,""change"":0.6994888350820501,""valueTWD"":227795.93,""targetPct"":14},{""id"":1771739103427,""symbol"":""QLD"",""type"":""US"",""shares"":""148"",""currentPrice"":67.99,""change"":-0.6575102279368832,""valueTWD"":315668.44,""targetPct"":20},{""id"":1771739115751,""symbol"":""UFO"",""type"":""US"",""shares"":""159"",""currentPrice"":44.47,""change"":-1.089857651245556,""valueTWD"":221813.85,""targetPct"":14},{""id"":1771739139088,""symbol"":"""",""type"":""cash"",""shares"":""380000"",""currentPrice"":1,""change"":0,""valueTWD"":380000,""targetPct"":20}]},{""id"":""1771743053489"",""name"":""第一金"",""value"":1328388.75,""entries"":[{""id"":1771742957222,""symbol"":""00713"",""type"":""TW"",""shares"":""9000"",""currentPrice"":53.6,""change"":-0.740740740740738,""valueTWD"":482400,""targetPct"":37},{""id"":1771742979259,""symbol"":""00910"",""type"":""TW"",""shares"":""3000"",""currentPrice"":55.35,""change"":0.09033423667569496,""valueTWD"":166050,""targetPct"":13},{""id"":1771743023570,""symbol"":""00631L"",""type"":""TW"",""shares"":""1171"",""currentPrice"":526.25,""change"":-2.156735149205173,""valueTWD"":616238.75,""targetPct"":45},{""id"":1771743050550,""symbol"":""00991A"",""type"":""TW"",""shares"":""5000"",""currentPrice"":12.74,""change"":-1.0869565217391348,""valueTWD"":63700,""targetPct"":5}]}]"
2026-03-03,2026-03-03T06:00:38.078Z,3264666.45,"[{""id"":""1771739140545"",""name"":""國泰"",""value"":1968189.5,""entries"":[{""id"":1771739073757,""symbol"":""00631L"",""type"":""TW"",""shares"":""1602"",""currentPrice"":500.45,""change"":-4.9026128266033275,""valueTWD"":801720.9,""targetPct"":32},{""id"":1771739088789,""symbol"":""SHLD"",""type"":""US"",""shares"":""97"",""currentPrice"":77.08,""change"":2.96553566657761,""valueTWD"":236129.25,""targetPct"":14},{""id"":1771739103427,""symbol"":""QLD"",""type"":""US"",""shares"":""148"",""currentPrice"":68.13,""change"":0.20591263421091424,""valueTWD"":318446.48,""targetPct"":20},{""id"":1771739115751,""symbol"":""UFO"",""type"":""US"",""shares"":""159"",""currentPrice"":46.18,""change"":3.8452889588486636,""valueTWD"":231892.87,""targetPct"":14},{""id"":1771739139088,""symbol"":"""",""type"":""cash"",""shares"":""380000"",""currentPrice"":1,""change"":0,""valueTWD"":380000,""targetPct"":20}]},{""id"":""1771743053489"",""name"":""第一金"",""value"":1296476.95,""entries"":[{""id"":1771742957222,""symbol"":""00713"",""type"":""TW"",""shares"":""9000"",""currentPrice"":53.25,""change"":-0.6529850746268684,""valueTWD"":479250,""targetPct"":37},{""id"":1771742979259,""symbol"":""00910"",""type"":""TW"",""shares"":""3000"",""currentPrice"":56.65,""change"":2.348690153568197,""valueTWD"":169950,""targetPct"":13},{""id"":1771743023570,""symbol"":""00631L"",""type"":""TW"",""shares"":""1171"",""currentPrice"":500.45,""change"":-4.9026128266033275,""valueTWD"":586026.95,""targetPct"":45},{""id"":1771743050550,""symbol"":""00991A"",""type"":""TW"",""shares"":""5000"",""currentPrice"":12.25,""change"":-3.8461538461538476,""valueTWD"":61250,""targetPct"":5}]}]"
2026-03-04,2026-03-04T06:15:07.067Z,3116076.76,"[{""id"":""1771739140545"",""name"":""國泰"",""value"":1894307.2599999998,""entries"":[{""id"":1771739073757,""symbol"":""00631L"",""type"":""TW"",""shares"":""1627"",""currentPrice"":454.5,""change"":-9.181736437206514,""valueTWD"":739471.5,""targetPct"":32},{""id"":1771739088789,""symbol"":""SHLD"",""type"":""US"",""shares"":""97"",""currentPrice"":76.79,""change"":-0.3762324857291023,""valueTWD"":235240.85,""targetPct"":14},{""id"":1771739103427,""symbol"":""QLD"",""type"":""US"",""shares"":""148"",""currentPrice"":66.68,""change"":-2.128284162630249,""valueTWD"":311669.03,""targetPct"":20},{""id"":1771739115751,""symbol"":""UFO"",""type"":""US"",""shares"":""159"",""currentPrice"":45.39,""change"":-1.710697271546122,""valueTWD"":227925.88,""targetPct"":14},{""id"":1771739139088,""symbol"":"""",""type"":""cash"",""shares"":""380000"",""currentPrice"":1,""change"":0,""valueTWD"":380000,""targetPct"":20}]},{""id"":""1771743053489"",""name"":""第一金"",""value"":1221769.5,""entries"":[{""id"":1771742957222,""symbol"":""00713"",""type"":""TW"",""shares"":""9000"",""currentPrice"":51.85,""change"":-2.629107981220655,""valueTWD"":466650,""targetPct"":37},{""id"":1771742979259,""symbol"":""00910"",""type"":""TW"",""shares"":""3000"",""currentPrice"":55,""change"":-2.912621359223299,""valueTWD"":165000,""targetPct"":13},{""id"":1771743023570,""symbol"":""00631L"",""type"":""TW"",""shares"":""1171"",""currentPrice"":454.5,""change"":-9.181736437206514,""valueTWD"":532219.5,""targetPct"":45},{""id"":1771743050550,""symbol"":""00991A"",""type"":""TW"",""shares"":""5000"",""currentPrice"":11.58,""change"":-5.469387755102041,""valueTWD"":57900,""targetPct"":5}]}]"
2026-03-05,2026-03-05T07:35:38.976Z,3218151.99,"[{""id"":""1771739140545"",""name"":""國泰"",""value"":1953227.19,""entries"":[{""id"":1771739073757,""symbol"":""00631L"",""type"":""TW"",""shares"":""1627"",""currentPrice"":478.8,""change"":5.3465346534653495,""valueTWD"":779007.6,""targetPct"":32},{""id"":1771739088789,""symbol"":""SHLD"",""type"":""US"",""shares"":""97"",""currentPrice"":77.31,""change"":0.6771715067065972,""valueTWD"":237825.09,""targetPct"":14},{""id"":1771739103427,""symbol"":""QLD"",""type"":""US"",""shares"":""148"",""currentPrice"":68.65,""change"":2.9544091181763625,""valueTWD"":322220.01,""targetPct"":20},{""id"":1771739115751,""symbol"":""UFO"",""type"":""US"",""shares"":""159"",""currentPrice"":46.44,""change"":2.3132848645075943,""valueTWD"":234174.49,""targetPct"":14},{""id"":1771739139088,""symbol"":"""",""type"":""cash"",""shares"":""380000"",""currentPrice"":1,""change"":0,""valueTWD"":380000,""targetPct"":20}]},{""id"":""1771743053489"",""name"":""第一金"",""value"":1264924.8,""entries"":[{""id"":1771742957222,""symbol"":""00713"",""type"":""TW"",""shares"":""9000"",""currentPrice"":52.55,""change"":1.3500482160077063,""valueTWD"":472950,""targetPct"":37},{""id"":1771742979259,""symbol"":""00910"",""type"":""TW"",""shares"":""3000"",""currentPrice"":56.9,""change"":3.454545454545452,""valueTWD"":170700,""targetPct"":13},{""id"":1771743023570,""symbol"":""00631L"",""type"":""TW"",""shares"":""1171"",""currentPrice"":478.8,""change"":5.3465346534653495,""valueTWD"":560674.8,""targetPct"":45},{""id"":1771743050550,""symbol"":""00991A"",""type"":""TW"",""shares"":""5000"",""currentPrice"":12.12,""change"":4.663212435233153,""valueTWD"":60600,""targetPct"":5}]}]"
2026-03-06,2026-03-06T07:14:10.454Z,3195601.12,"[{""id"":""1771739140545"",""name"":""國泰"",""value"":1934304.57,""entries"":[{""id"":1771739073757,""symbol"":""00631L"",""type"":""TW"",""shares"":""1627"",""currentPrice"":478.05,""change"":-0.15664160401002505,""valueTWD"":777787.35,""targetPct"":32},{""id"":1771739088789,""symbol"":""SHLD"",""type"":""US"",""shares"":""97"",""currentPrice"":75,""change"":-2.9879705083430372,""valueTWD"":230422.14,""targetPct"":14},{""id"":1771739103427,""symbol"":""QLD"",""type"":""US"",""shares"":""148"",""currentPrice"":68.26,""change"":-0.5680990531682455,""valueTWD"":319977.32,""targetPct"":20},{""id"":1771739115751,""symbol"":""UFO"",""type"":""US"",""shares"":""159"",""currentPrice"":44.9,""change"":-3.316106804478896,""valueTWD"":226117.76,""targetPct"":14},{""id"":1771739139088,""symbol"":"""",""type"":""cash"",""shares"":""380000"",""currentPrice"":1,""change"":0,""valueTWD"":380000,""targetPct"":20}]},{""id"":""1771743053489"",""name"":""第一金"",""value"":1261296.55,""entries"":[{""id"":1771742957222,""symbol"":""00713"",""type"":""TW"",""shares"":""9000"",""currentPrice"":52.6,""change"":0.09514747859182543,""valueTWD"":473400,""targetPct"":37},{""id"":1771742979259,""symbol"":""00910"",""type"":""TW"",""shares"":""3000"",""currentPrice"":56,""change"":-1.5817223198594001,""valueTWD"":168000,""targetPct"":13},{""id"":1771743023570,""symbol"":""00631L"",""type"":""TW"",""shares"":""1171"",""currentPrice"":478.05,""change"":-0.15664160401002505,""valueTWD"":559796.55,""targetPct"":45},{""id"":1771743050550,""symbol"":""00991A"",""type"":""TW"",""shares"":""5000"",""currentPrice"":12.02,""change"":-0.8250825082508222,""valueTWD"":60100,""targetPct"":5}]}]"
2026-03-07,2026-03-07T10:30:07.851Z,3190815.62,"[{""id"":""1771739140545"",""name"":""國泰"",""value"":1929519.0699999998,""entries"":[{""id"":1771739073757,""symbol"":""00631L"",""type"":""TW"",""shares"":""1627"",""currentPrice"":478.05,""change"":-0.15664160401002505,""valueTWD"":777787.35,""targetPct"":32},{""id"":1771739088789,""symbol"":""SHLD"",""type"":""US"",""shares"":""97"",""currentPrice"":77.24,""change"":2.9866666666666597,""valueTWD"":237304.08,""targetPct"":14},{""id"":1771739103427,""symbol"":""QLD"",""type"":""US"",""shares"":""148"",""currentPrice"":66.19,""change"":-3.032522707295645,""valueTWD"":310273.94,""targetPct"":20},{""id"":1771739115751,""symbol"":""UFO"",""type"":""US"",""shares"":""159"",""currentPrice"":44.51,""change"":-0.8685968819599121,""valueTWD"":224153.7,""targetPct"":14},{""id"":1771739139088,""symbol"":"""",""type"":""cash"",""shares"":""380000"",""currentPrice"":1,""change"":0,""valueTWD"":380000,""targetPct"":20}]},{""id"":""1771743053489"",""name"":""第一金"",""value"":1261296.55,""entries"":[{""id"":1771742957222,""symbol"":""00713"",""type"":""TW"",""shares"":""9000"",""currentPrice"":52.6,""change"":0.09514747859182543,""valueTWD"":473400,""targetPct"":37},{""id"":1771742979259,""symbol"":""00910"",""type"":""TW"",""shares"":""3000"",""currentPrice"":56,""change"":-1.5817223198594001,""valueTWD"":168000,""targetPct"":13},{""id"":1771743023570,""symbol"":""00631L"",""type"":""TW"",""shares"":""1171"",""currentPrice"":478.05,""change"":-0.15664160401002505,""valueTWD"":559796.55,""targetPct"":45},{""id"":1771743050550,""symbol"":""00991A"",""type"":""TW"",""shares"":""5000"",""currentPrice"":12.02,""change"":-0.8250825082508222,""valueTWD"":60100,""targetPct"":5}]}]"
2026-03-08,2026-03-08T11:14:57.198Z,3195123.24,"[{""id"":""1771739140545"",""name"":""國泰"",""value"":1933826.69,""entries"":[{""id"":1771739073757,""symbol"":""00631L"",""type"":""TW"",""shares"":""1627"",""currentPrice"":478.05,""change"":-0.15664160401002505,""valueTWD"":777787.35,""targetPct"":32},{""id"":1771739088789,""symbol"":""SHLD"",""type"":""US"",""shares"":""97"",""currentPrice"":77.24,""change"":2.9866666666666597,""valueTWD"":238628.65,""targetPct"":14},{""id"":1771739103427,""symbol"":""QLD"",""type"":""US"",""shares"":""148"",""currentPrice"":66.19,""change"":-3.032522707295645,""valueTWD"":312005.81,""targetPct"":20},{""id"":1771739115751,""symbol"":""UFO"",""type"":""US"",""shares"":""159"",""currentPrice"":44.51,""change"":-0.8685968819599121,""valueTWD"":225404.88,""targetPct"":14},{""id"":1771739139088,""symbol"":"""",""type"":""cash"",""shares"":""380000"",""currentPrice"":1,""change"":0,""valueTWD"":380000,""targetPct"":20}]},{""id"":""1771743053489"",""name"":""第一金"",""value"":1261296.55,""entries"":[{""id"":1771742957222,""symbol"":""00713"",""type"":""TW"",""shares"":""9000"",""currentPrice"":52.6,""change"":0.09514747859182543,""valueTWD"":473400,""targetPct"":37},{""id"":1771742979259,""symbol"":""00910"",""type"":""TW"",""shares"":""3000"",""currentPrice"":56,""change"":-1.5817223198594001,""valueTWD"":168000,""targetPct"":13},{""id"":1771743023570,""symbol"":""00631L"",""type"":""TW"",""shares"":""1171"",""currentPrice"":478.05,""change"":-0.15664160401002505,""valueTWD"":559796.55,""targetPct"":45},{""id"":1771743050550,""symbol"":""00991A"",""type"":""TW"",""shares"":""5000"",""currentPrice"":12.02,""change"":-0.8250825082508222,""valueTWD"":60100,""targetPct"":5}]}]"
2026-03-09,2026-03-09T06:50:59.130Z,3061663.94,"[{""id"":""1771739140545"",""name"":""國泰"",""value"":1877999.74,""entries"":[{""id"":1771739073757,""symbol"":""00631L"",""type"":""TW"",""shares"":""1677"",""currentPrice"":430.2,""change"":-10.009413241292757,""valueTWD"":721445.4,""targetPct"":32},{""id"":1771739088789,""symbol"":""SHLD"",""type"":""US"",""shares"":""97"",""currentPrice"":77.24,""change"":2.9866666666666597,""valueTWD"":238787.01,""targetPct"":14},{""id"":1771739103427,""symbol"":""QLD"",""type"":""US"",""shares"":""148"",""currentPrice"":66.19,""change"":-3.032522707295645,""valueTWD"":312212.87,""targetPct"":20},{""id"":1771739115751,""symbol"":""UFO"",""type"":""US"",""shares"":""159"",""currentPrice"":44.51,""change"":-0.8685924663070108,""valueTWD"":225554.46,""targetPct"":14},{""id"":1771739139088,""symbol"":"""",""type"":""cash"",""shares"":""380000"",""currentPrice"":1,""change"":0,""valueTWD"":380000,""targetPct"":20}]},{""id"":""1771743053489"",""name"":""第一金"",""value"":1183664.2,""entries"":[{""id"":1771742957222,""symbol"":""00713"",""type"":""TW"",""shares"":""9000"",""currentPrice"":51.6,""change"":-1.9011406844106464,""valueTWD"":464400,""targetPct"":37},{""id"":1771742979259,""symbol"":""00910"",""type"":""TW"",""shares"":""3000"",""currentPrice"":53.25,""change"":-4.910714285714286,""valueTWD"":159750,""targetPct"":13},{""id"":1771743023570,""symbol"":""00631L"",""type"":""TW"",""shares"":""1171"",""currentPrice"":430.2,""change"":-10.009413241292757,""valueTWD"":503764.2,""targetPct"":45},{""id"":1771743050550,""symbol"":""00991A"",""type"":""TW"",""shares"":""5000"",""currentPrice"":11.15,""change"":-7.237936772046583,""valueTWD"":55750,""targetPct"":5}]}]"
2026-03-10,2026-03-10T06:04:04.039Z,3142041.71,"[{""id"":""1771739140545"",""name"":""國泰"",""value"":1925267.3599999999,""entries"":[{""id"":1771739073757,""symbol"":""00631L"",""type"":""TW"",""shares"":""1677"",""currentPrice"":449.85,""change"":4.5676429567643035,""valueTWD"":754398.45,""targetPct"":32},{""id"":1771739088789,""symbol"":""SHLD"",""type"":""US"",""shares"":""97"",""currentPrice"":78.02,""change"":1.0098394614189554,""valueTWD"":241198.38,""targetPct"":14},{""id"":1771739103427,""symbol"":""QLD"",""type"":""US"",""shares"":""148"",""currentPrice"":67.94,""change"":2.643903912977791,""valueTWD"":320467.47,""targetPct"":20},{""id"":1771739115751,""symbol"":""UFO"",""type"":""US"",""shares"":""159"",""currentPrice"":45.23,""change"":1.6176140193214985,""valueTWD"":229203.06,""targetPct"":14},{""id"":1771739139088,""symbol"":"""",""type"":""cash"",""shares"":""380000"",""currentPrice"":1,""change"":0,""valueTWD"":380000,""targetPct"":20}]},{""id"":""1771743053489"",""name"":""第一金"",""value"":1216774.35,""entries"":[{""id"":1771742957222,""symbol"":""00713"",""type"":""TW"",""shares"":""9000"",""currentPrice"":51.7,""change"":0.19379844961240586,""valueTWD"":465300,""targetPct"":37},{""id"":1771742979259,""symbol"":""00910"",""type"":""TW"",""shares"":""3000"",""currentPrice"":55.45,""change"":4.131455399061038,""valueTWD"":166350,""targetPct"":13},{""id"":1771743023570,""symbol"":""00631L"",""type"":""TW"",""shares"":""1171"",""currentPrice"":449.85,""change"":4.5676429567643035,""valueTWD"":526774.35,""targetPct"":45},{""id"":1771743050550,""symbol"":""00991A"",""type"":""TW"",""shares"":""5000"",""currentPrice"":11.67,""change"":4.663677130044839,""valueTWD"":58350,""targetPct"":5}]}]"
2026-03-11,2026-03-11T06:06:30.166Z,3249028.05,"[{""id"":""1771739140545"",""name"":""國泰"",""value"":1980090.45,""entries"":[{""id"":1771739073757,""symbol"":""00631L"",""type"":""TW"",""shares"":""1677"",""currentPrice"":485.6,""change"":7.947093475602979,""valueTWD"":814351.2,""targetPct"":32},{""id"":1771739088789,""symbol"":""SHLD"",""type"":""US"",""shares"":""97"",""currentPrice"":76.86,""change"":-1.4867982568572118,""valueTWD"":236990.68,""targetPct"":14},{""id"":1771739103427,""symbol"":""QLD"",""type"":""US"",""shares"":""148"",""currentPrice"":67.91,""change"":-0.044156608772447946,""valueTWD"":319488.03,""targetPct"":20},{""id"":1771739115751,""symbol"":""UFO"",""type"":""US"",""shares"":""159"",""currentPrice"":45.36,""change"":0.2874198540791567,""valueTWD"":229260.54,""targetPct"":14},{""id"":1771739139088,""symbol"":"""",""type"":""cash"",""shares"":""380000"",""currentPrice"":1,""change"":0,""valueTWD"":380000,""targetPct"":20}]},{""id"":""1771743053489"",""name"":""第一金"",""value"":1268937.6,""entries"":[{""id"":1771742957222,""symbol"":""00713"",""type"":""TW"",""shares"":""9000"",""currentPrice"":52.25,""change"":1.063829787234037,""valueTWD"":470250,""targetPct"":37},{""id"":1771742979259,""symbol"":""00910"",""type"":""TW"",""shares"":""3000"",""currentPrice"":56,""change"":0.9918845807033313,""valueTWD"":168000,""targetPct"":13},{""id"":1771743023570,""symbol"":""00631L"",""type"":""TW"",""shares"":""1171"",""currentPrice"":485.6,""change"":7.947093475602979,""valueTWD"":568637.6,""targetPct"":45},{""id"":1771743050550,""symbol"":""00991A"",""type"":""TW"",""shares"":""5000"",""currentPrice"":12.41,""change"":6.341045415595546,""valueTWD"":62050,""targetPct"":5}]}]"
2026-03-12,2026-03-12T06:00:21.837Z,3199293.16,"[{""id"":""1771739140545"",""name"":""國泰"",""value"":1950373.16,""entries"":[{""id"":1771739073757,""symbol"":""00631L"",""type"":""TW"",""shares"":""1677"",""currentPrice"":470,""change"":-3.2125205930807295,""valueTWD"":788190,""targetPct"":32},{""id"":1771739088789,""symbol"":""SHLD"",""type"":""US"",""shares"":""97"",""currentPrice"":75.64,""change"":-1.5873015873015859,""valueTWD"":233228.92,""targetPct"":14},{""id"":1771739103427,""symbol"":""QLD"",""type"":""US"",""shares"":""148"",""currentPrice"":67.9,""change"":-0.014725371815624952,""valueTWD"":319440.98,""targetPct"":20},{""id"":1771739115751,""symbol"":""UFO"",""type"":""US"",""shares"":""159"",""currentPrice"":45.41,""change"":0.11022927689593728,""valueTWD"":229513.26,""targetPct"":14},{""id"":1771739139088,""symbol"":"""",""type"":""cash"",""shares"":""380000"",""currentPrice"":1,""change"":0,""valueTWD"":380000,""targetPct"":20}]},{""id"":""1771743053489"",""name"":""第一金"",""value"":1248920,""entries"":[{""id"":1771742957222,""symbol"":""00713"",""type"":""TW"",""shares"":""9000"",""currentPrice"":52.1,""change"":-0.28708133971291594,""valueTWD"":468900,""targetPct"":37},{""id"":1771742979259,""symbol"":""00910"",""type"":""TW"",""shares"":""3000"",""currentPrice"":56.05,""change"":0.08928571428570921,""valueTWD"":168150,""targetPct"":13},{""id"":1771743023570,""symbol"":""00631L"",""type"":""TW"",""shares"":""1171"",""currentPrice"":470,""change"":-3.2125205930807295,""valueTWD"":550370,""targetPct"":45},{""id"":1771743050550,""symbol"":""00991A"",""type"":""TW"",""shares"":""5000"",""currentPrice"":12.3,""change"":-0.8863819500402855,""valueTWD"":61500,""targetPct"":5}]}]"
2026-03-13,2026-03-13T06:11:32.724Z,3173671.8,"[{""id"":""1771739140545"",""name"":""國泰"",""value"":1930866.6500000001,""entries"":[{""id"":1771739073757,""symbol"":""00631L"",""type"":""TW"",""shares"":""1677"",""currentPrice"":464.65,""change"":-1.1382978723404304,""valueTWD"":779218.05,""targetPct"":32},{""id"":1771739088789,""symbol"":""SHLD"",""type"":""US"",""shares"":""97"",""currentPrice"":76,""change"":0.4759386567953456,""valueTWD"":235132.98,""targetPct"":14},{""id"":1771739103427,""symbol"":""QLD"",""type"":""US"",""shares"":""148"",""currentPrice"":65.58,""change"":-3.4167893961708504,""valueTWD"":309571.78,""targetPct"":20},{""id"":1771739115751,""symbol"":""UFO"",""type"":""US"",""shares"":""159"",""currentPrice"":44.75,""change"":-1.453424355868744,""valueTWD"":226943.84,""targetPct"":14},{""id"":1771739139088,""symbol"":"""",""type"":""cash"",""shares"":""380000"",""currentPrice"":1,""change"":0,""valueTWD"":380000,""targetPct"":20}]},{""id"":""1771743053489"",""name"":""第一金"",""value"":1242805.15,""entries"":[{""id"":1771742957222,""symbol"":""00713"",""type"":""TW"",""shares"":""9000"",""currentPrice"":52.05,""change"":-0.09596928982726347,""valueTWD"":468450,""targetPct"":37},{""id"":1771742979259,""symbol"":""00910"",""type"":""TW"",""shares"":""3000"",""currentPrice"":56.25,""change"":0.3568242640499605,""valueTWD"":168750,""targetPct"":13},{""id"":1771743023570,""symbol"":""00631L"",""type"":""TW"",""shares"":""1171"",""currentPrice"":464.65,""change"":-1.1382978723404304,""valueTWD"":544105.15,""targetPct"":45},{""id"":1771743050550,""symbol"":""00991A"",""type"":""TW"",""shares"":""5000"",""currentPrice"":12.3,""change"":0.1626016260162567,""valueTWD"":61500,""targetPct"":5}]}]"
2026-03-14,2026-03-14T06:00:20.459Z,3182556.5199999996,"[{""id"":""1771739140545"",""name"":""國泰"",""value"":1939751.3699999999,""entries"":[{""id"":1771739073757,""symbol"":""00631L"",""type"":""TW"",""shares"":""1677"",""currentPrice"":464.65,""change"":-1.1382978723404304,""valueTWD"":779218.05,""targetPct"":32},{""id"":1771739088789,""symbol"":""SHLD"",""type"":""US"",""shares"":""97"",""currentPrice"":75.61,""change"":-0.5131578947368429,""valueTWD"":238360.52,""targetPct"":14},{""id"":1771739103427,""symbol"":""QLD"",""type"":""US"",""shares"":""148"",""currentPrice"":64.76,""change"":-1.2503812137846801,""valueTWD"":311495.6,""targetPct"":20},{""id"":1771739115751,""symbol"":""UFO"",""type"":""US"",""shares"":""159"",""currentPrice"":44.64,""change"":-0.24581005586592053,""valueTWD"":230677.2,""targetPct"":14},{""id"":1771739139088,""symbol"":"""",""type"":""cash"",""shares"":""380000"",""currentPrice"":1,""change"":0,""valueTWD"":380000,""targetPct"":20}]},{""id"":""1771743053489"",""name"":""第一金"",""value"":1242805.15,""entries"":[{""id"":1771742957222,""symbol"":""00713"",""type"":""TW"",""shares"":""9000"",""currentPrice"":52.05,""change"":-0.09596928982726347,""valueTWD"":468450,""targetPct"":37},{""id"":1771742979259,""symbol"":""00910"",""type"":""TW"",""shares"":""3000"",""currentPrice"":56.25,""change"":0.3568242640499605,""valueTWD"":168750,""targetPct"":13},{""id"":1771743023570,""symbol"":""00631L"",""type"":""TW"",""shares"":""1171"",""currentPrice"":464.65,""change"":-1.1382978723404304,""valueTWD"":544105.15,""targetPct"":45},{""id"":1771743050550,""symbol"":""00991A"",""type"":""TW"",""shares"":""5000"",""currentPrice"":12.3,""change"":0.1626016260162567,""valueTWD"":61500,""targetPct"":5}]}]"
2026-03-15,2026-03-15T06:00:16.507Z,3182556.5199999996,"[{""id"":""1771739140545"",""name"":""國泰"",""value"":1939751.3699999999,""entries"":[{""id"":1771739073757,""symbol"":""00631L"",""type"":""TW"",""shares"":""1677"",""currentPrice"":464.65,""change"":-1.1382978723404304,""valueTWD"":779218.05,""targetPct"":32},{""id"":1771739088789,""symbol"":""SHLD"",""type"":""US"",""shares"":""97"",""currentPrice"":75.61,""change"":-0.5131578947368429,""valueTWD"":238360.52,""targetPct"":14},{""id"":1771739103427,""symbol"":""QLD"",""type"":""US"",""shares"":""148"",""currentPrice"":64.76,""change"":-1.2503812137846801,""valueTWD"":311495.6,""targetPct"":20},{""id"":1771739115751,""symbol"":""UFO"",""type"":""US"",""shares"":""159"",""currentPrice"":44.64,""change"":-0.24581005586592053,""valueTWD"":230677.2,""targetPct"":14},{""id"":1771739139088,""symbol"":"""",""type"":""cash"",""shares"":""380000"",""currentPrice"":1,""change"":0,""valueTWD"":380000,""targetPct"":20}]},{""id"":""1771743053489"",""name"":""第一金"",""value"":1242805.15,""entries"":[{""id"":1771742957222,""symbol"":""00713"",""type"":""TW"",""shares"":""9000"",""currentPrice"":52.05,""change"":-0.09596928982726347,""valueTWD"":468450,""targetPct"":37},{""id"":1771742979259,""symbol"":""00910"",""type"":""TW"",""shares"":""3000"",""currentPrice"":56.25,""change"":0.3568242640499605,""valueTWD"":168750,""targetPct"":13},{""id"":1771743023570,""symbol"":""00631L"",""type"":""TW"",""shares"":""1171"",""currentPrice"":464.65,""change"":-1.1382978723404304,""valueTWD"":544105.15,""targetPct"":45},{""id"":1771743050550,""symbol"":""00991A"",""type"":""TW"",""shares"":""5000"",""currentPrice"":12.3,""change"":0.1626016260162567,""valueTWD"":61500,""targetPct"":5}]}]"
2026-03-16,2026-03-16T06:00:22.971Z,3174240.26,"[{""id"":""1771739140545"",""name"":""國泰"",""value"":1928014.66,""entries"":[{""id"":1771739073757,""symbol"":""00631L"",""type"":""TW"",""shares"":""1677"",""currentPrice"":463.6,""change"":-0.22597654148282675,""valueTWD"":777457.2,""targetPct"":32},{""id"":1771739088789,""symbol"":""SHLD"",""type"":""US"",""shares"":""97"",""currentPrice"":75.61,""change"":-0.5131578947368429,""valueTWD"":235314.08,""targetPct"":14},{""id"":1771739103427,""symbol"":""QLD"",""type"":""US"",""shares"":""148"",""currentPrice"":64.76,""change"":-1.2503812137846801,""valueTWD"":307514.43,""targetPct"":20},{""id"":1771739115751,""symbol"":""UFO"",""type"":""US"",""shares"":""159"",""currentPrice"":44.64,""change"":-0.24581005586592053,""valueTWD"":227728.95,""targetPct"":14},{""id"":1771739139088,""symbol"":"""",""type"":""cash"",""shares"":""380000"",""currentPrice"":1,""change"":0,""valueTWD"":380000,""targetPct"":20}]},{""id"":""1771743053489"",""name"":""第一金"",""value"":1246225.6,""entries"":[{""id"":1771742957222,""symbol"":""00713"",""type"":""TW"",""shares"":""9000"",""currentPrice"":52.45,""change"":0.7684918347742665,""valueTWD"":472050,""targetPct"":37},{""id"":1771742979259,""symbol"":""00910"",""type"":""TW"",""shares"":""3000"",""currentPrice"":56.15,""change"":-0.1777777777777803,""valueTWD"":168450,""targetPct"":13},{""id"":1771743023570,""symbol"":""00631L"",""type"":""TW"",""shares"":""1171"",""currentPrice"":463.6,""change"":-0.22597654148282675,""valueTWD"":542875.6,""targetPct"":45},{""id"":1771743050550,""symbol"":""00991A"",""type"":""TW"",""shares"":""5000"",""currentPrice"":12.57,""change"":2.195121951219509,""valueTWD"":62850,""targetPct"":5}]}]"
2026-03-17,2026-03-17T06:00:14.996Z,3238561.17,"[{""id"":""1771739140545"",""name"":""國泰"",""value"":1969382.4700000002,""entries"":[{""id"":1771739073757,""symbol"":""00631L"",""type"":""TW"",""shares"":""1677"",""currentPrice"":479.7,""change"":3.4728213977566793,""valueTWD"":804456.9,""targetPct"":32},{""id"":1771739088789,""symbol"":""SHLD"",""type"":""US"",""shares"":""97"",""currentPrice"":76.66,""change"":1.3887051977251648,""valueTWD"":238264.19,""targetPct"":14},{""id"":1771739103427,""symbol"":""QLD"",""type"":""US"",""shares"":""148"",""currentPrice"":66.19,""change"":2.2081531809758994,""valueTWD"":313886.28,""targetPct"":20},{""id"":1771739115751,""symbol"":""UFO"",""type"":""US"",""shares"":""159"",""currentPrice"":45.69,""change"":2.3521505376344023,""valueTWD"":232775.1,""targetPct"":14},{""id"":1771739139088,""symbol"":"""",""type"":""cash"",""shares"":""380000"",""currentPrice"":1,""change"":0,""valueTWD"":380000,""targetPct"":20}]},{""id"":""1771743053489"",""name"":""第一金"",""value"":1269178.7,""entries"":[{""id"":1771742957222,""symbol"":""00713"",""type"":""TW"",""shares"":""9000"",""currentPrice"":52.75,""change"":0.571973307912292,""valueTWD"":474750,""targetPct"":37},{""id"":1771742979259,""symbol"":""00910"",""type"":""TW"",""shares"":""3000"",""currentPrice"":56.1,""change"":-0.08904719501335202,""valueTWD"":168300,""targetPct"":13},{""id"":1771743023570,""symbol"":""00631L"",""type"":""TW"",""shares"":""1171"",""currentPrice"":479.7,""change"":3.4728213977566793,""valueTWD"":561728.7,""targetPct"":45},{""id"":1771743050550,""symbol"":""00991A"",""type"":""TW"",""shares"":""5000"",""currentPrice"":12.88,""change"":2.466189339697697,""valueTWD"":64400,""targetPct"":5}]}]"
2026-03-18,2026-03-18T06:00:00.935Z,3305750.49,"[{""id"":""1771739140545"",""name"":""國泰"",""value"":2008125.94,""entries"":[{""id"":1771739073757,""symbol"":""00631L"",""type"":""TW"",""shares"":""1677"",""currentPrice"":496.05,""change"":3.4083802376485353,""valueTWD"":831875.85,""targetPct"":32},{""id"":1771739088789,""symbol"":""SHLD"",""type"":""US"",""shares"":""97"",""currentPrice"":76.93,""change"":0.3522045395251895,""valueTWD"":239645.81,""targetPct"":14},{""id"":1771739103427,""symbol"":""QLD"",""type"":""US"",""shares"":""148"",""currentPrice"":66.85,""change"":0.997129475751619,""valueTWD"":317735.32,""targetPct"":20},{""id"":1771739115751,""symbol"":""UFO"",""type"":""US"",""shares"":""159"",""currentPrice"":46.78,""change"":2.3856423725104037,""valueTWD"":238868.96,""targetPct"":14},{""id"":1771739139088,""symbol"":"""",""type"":""cash"",""shares"":""380000"",""currentPrice"":1,""change"":0,""valueTWD"":380000,""targetPct"":20}]},{""id"":""1771743053489"",""name"":""第一金"",""value"":1297624.55,""entries"":[{""id"":1771742957222,""symbol"":""00713"",""type"":""TW"",""shares"":""9000"",""currentPrice"":53,""change"":0.47393364928909953,""valueTWD"":477000,""targetPct"":37},{""id"":1771742979259,""symbol"":""00910"",""type"":""TW"",""shares"":""3000"",""currentPrice"":57.65,""change"":2.76292335115864,""valueTWD"":172950,""targetPct"":13},{""id"":1771743023570,""symbol"":""00631L"",""type"":""TW"",""shares"":""1171"",""currentPrice"":496.05,""change"":3.4083802376485353,""valueTWD"":580874.55,""targetPct"":45},{""id"":1771743050550,""symbol"":""00991A"",""type"":""TW"",""shares"":""5000"",""currentPrice"":13.36,""change"":3.7267080745341503,""valueTWD"":66800,""targetPct"":5}]}]"
2026-03-19,2026-03-19T06:00:10.025Z,3222239.9,"[{""id"":""1771739140545"",""name"":""國泰"",""value"":1959692.4,""entries"":[{""id"":1771739073757,""symbol"":""00631L"",""type"":""TW"",""shares"":""1677"",""currentPrice"":472.5,""change"":-4.747505291805264,""valueTWD"":792382.5,""targetPct"":32},{""id"":1771739088789,""symbol"":""SHLD"",""type"":""US"",""shares"":""97"",""currentPrice"":76.06,""change"":-1.1308982191602814,""valueTWD"":239779.15,""targetPct"":14},{""id"":1771739103427,""symbol"":""QLD"",""type"":""US"",""shares"":""148"",""currentPrice"":64.95,""change"":-2.8421839940164424,""valueTWD"":312409.5,""targetPct"":20},{""id"":1771739115751,""symbol"":""UFO"",""type"":""US"",""shares"":""159"",""currentPrice"":45.5,""change"":-2.736212056434376,""valueTWD"":235121.25,""targetPct"":14},{""id"":1771739139088,""symbol"":"""",""type"":""cash"",""shares"":""380000"",""currentPrice"":1,""change"":0,""valueTWD"":380000,""targetPct"":20}]},{""id"":""1771743053489"",""name"":""第一金"",""value"":1262547.5,""entries"":[{""id"":1771742957222,""symbol"":""00713"",""type"":""TW"",""shares"":""9000"",""currentPrice"":52.5,""change"":-0.9433962264150944,""valueTWD"":472500,""targetPct"":37},{""id"":1771742979259,""symbol"":""00910"",""type"":""TW"",""shares"":""3000"",""currentPrice"":56.75,""change"":-1.5611448395490002,""valueTWD"":170250,""targetPct"":13},{""id"":1771743023570,""symbol"":""00631L"",""type"":""TW"",""shares"":""1171"",""currentPrice"":472.5,""change"":-4.747505291805264,""valueTWD"":553297.5,""targetPct"":45},{""id"":1771743050550,""symbol"":""00991A"",""type"":""TW"",""shares"":""5000"",""currentPrice"":13.3,""change"":-0.44910179640717607,""valueTWD"":66500,""targetPct"":5}]}]"
2026-03-20,2026-03-20T06:00:21.834Z,3192409.46,"[{""id"":""1771739140545"",""name"":""國泰"",""value"":1940150.61,""entries"":[{""id"":1771739073757,""symbol"":""00631L"",""type"":""TW"",""shares"":""1677"",""currentPrice"":469.35,""change"":-0.6666666666666619,""valueTWD"":787099.95,""targetPct"":32},{""id"":1771739088789,""symbol"":""SHLD"",""type"":""US"",""shares"":""97"",""currentPrice"":75.88,""change"":-0.23665527215357193,""valueTWD"":234710.96,""targetPct"":14},{""id"":1771739103427,""symbol"":""QLD"",""type"":""US"",""shares"":""148"",""currentPrice"":64.53,""change"":-0.6466512702078547,""valueTWD"":304549.36,""targetPct"":20},{""id"":1771739115751,""symbol"":""UFO"",""type"":""US"",""shares"":""159"",""currentPrice"":46.11,""change"":1.541510680466864,""valueTWD"":233790.34,""targetPct"":14},{""id"":1771739139088,""symbol"":"""",""type"":""cash"",""shares"":""380000"",""currentPrice"":1,""change"":0,""valueTWD"":380000,""targetPct"":20}]},{""id"":""1771743053489"",""name"":""第一金"",""value"":1252258.85,""entries"":[{""id"":1771742957222,""symbol"":""00713"",""type"":""TW"",""shares"":""9000"",""currentPrice"":51.7,""change"":-1.5238095238095184,""valueTWD"":465300,""targetPct"":37},{""id"":1771742979259,""symbol"":""00910"",""type"":""TW"",""shares"":""3000"",""currentPrice"":57.25,""change"":0.881057268722467,""valueTWD"":171750,""targetPct"":13},{""id"":1771743023570,""symbol"":""00631L"",""type"":""TW"",""shares"":""1171"",""currentPrice"":469.35,""change"":-0.6666666666666619,""valueTWD"":549608.85,""targetPct"":45},{""id"":1771743050550,""symbol"":""00991A"",""type"":""TW"",""shares"":""5000"",""currentPrice"":13.12,""change"":-1.3533834586466276,""valueTWD"":65600,""targetPct"":5}]}]"
2026-03-21,2026-03-21T06:00:08.820Z,3170411.48,"[{""id"":""1771739140545"",""name"":""國泰"",""value"":1918152.63,""entries"":[{""id"":1771739073757,""symbol"":""00631L"",""type"":""TW"",""shares"":""1677"",""currentPrice"":469.35,""change"":-0.6666666666666619,""valueTWD"":787099.95,""targetPct"":32},{""id"":1771739088789,""symbol"":""SHLD"",""type"":""US"",""shares"":""97"",""currentPrice"":73.14,""change"":-3.6109646810753757,""valueTWD"":226720.69,""targetPct"":14},{""id"":1771739103427,""symbol"":""QLD"",""type"":""US"",""shares"":""148"",""currentPrice"":62.13,""change"":-3.7192003719200346,""valueTWD"":293851.25,""targetPct"":20},{""id"":1771739115751,""symbol"":""UFO"",""type"":""US"",""shares"":""159"",""currentPrice"":45.36,""change"":-1.626545217957059,""valueTWD"":230480.74,""targetPct"":14},{""id"":1771739139088,""symbol"":"""",""type"":""cash"",""shares"":""380000"",""currentPrice"":1,""change"":0,""valueTWD"":380000,""targetPct"":20}]},{""id"":""1771743053489"",""name"":""第一金"",""value"":1252258.85,""entries"":[{""id"":1771742957222,""symbol"":""00713"",""type"":""TW"",""shares"":""9000"",""currentPrice"":51.7,""change"":-1.5238095238095184,""valueTWD"":465300,""targetPct"":37},{""id"":1771742979259,""symbol"":""00910"",""type"":""TW"",""shares"":""3000"",""currentPrice"":57.25,""change"":0.881057268722467,""valueTWD"":171750,""targetPct"":13},{""id"":1771743023570,""symbol"":""00631L"",""type"":""TW"",""shares"":""1171"",""currentPrice"":469.35,""change"":-0.6666666666666619,""valueTWD"":549608.85,""targetPct"":45},{""id"":1771743050550,""symbol"":""00991A"",""type"":""TW"",""shares"":""5000"",""currentPrice"":13.12,""change"":-1.3533834586466276,""valueTWD"":65600,""targetPct"":5}]}]"
2026-03-22,2026-03-22T06:00:15.165Z,3168380.6,"[{""id"":""1771739140545"",""name"":""國泰"",""value"":1916121.75,""entries"":[{""id"":1771739073757,""symbol"":""00631L"",""type"":""TW"",""shares"":""1677"",""currentPrice"":469.35,""change"":-0.6666666666666619,""valueTWD"":787099.95,""targetPct"":32},{""id"":1771739088789,""symbol"":""SHLD"",""type"":""US"",""shares"":""97"",""currentPrice"":73.14,""change"":-3.6109646810753757,""valueTWD"":226107.63,""targetPct"":14},{""id"":1771739103427,""symbol"":""QLD"",""type"":""US"",""shares"":""148"",""currentPrice"":62.13,""change"":-3.7192003719200346,""valueTWD"":293056.66,""targetPct"":20},{""id"":1771739115751,""symbol"":""UFO"",""type"":""US"",""shares"":""159"",""currentPrice"":45.36,""change"":-1.626545217957059,""valueTWD"":229857.51,""targetPct"":14},{""id"":1771739139088,""symbol"":"""",""type"":""cash"",""shares"":""380000"",""currentPrice"":1,""change"":0,""valueTWD"":380000,""targetPct"":20}]},{""id"":""1771743053489"",""name"":""第一金"",""value"":1252258.85,""entries"":[{""id"":1771742957222,""symbol"":""00713"",""type"":""TW"",""shares"":""9000"",""currentPrice"":51.7,""change"":-1.5238095238095184,""valueTWD"":465300,""targetPct"":37},{""id"":1771742979259,""symbol"":""00910"",""type"":""TW"",""shares"":""3000"",""currentPrice"":57.25,""change"":0.881057268722467,""valueTWD"":171750,""targetPct"":13},{""id"":1771743023570,""symbol"":""00631L"",""type"":""TW"",""shares"":""1171"",""currentPrice"":469.35,""change"":-0.6666666666666619,""valueTWD"":549608.85,""targetPct"":45},{""id"":1771743050550,""symbol"":""00991A"",""type"":""TW"",""shares"":""5000"",""currentPrice"":13.12,""change"":-1.3533834586466276,""valueTWD"":65600,""targetPct"":5}]}]"
2026-03-23,2026-03-23T06:00:05.078Z,3082297.73,"[{""id"":""1771739140545"",""name"":""國泰"",""value"":1874678.93,""entries"":[{""id"":1771739073757,""symbol"":""00631L"",""type"":""TW"",""shares"":""1677"",""currentPrice"":442.8,""change"":-5.656759348034518,""valueTWD"":742575.6,""targetPct"":32},{""id"":1771739088789,""symbol"":""SHLD"",""type"":""US"",""shares"":""97"",""currentPrice"":73.14,""change"":-3.6109646810753757,""valueTWD"":227037.85,""targetPct"":14},{""id"":1771739103427,""symbol"":""QLD"",""type"":""US"",""shares"":""148"",""currentPrice"":62.13,""change"":-3.7192003719200346,""valueTWD"":294262.32,""targetPct"":20},{""id"":1771739115751,""symbol"":""UFO"",""type"":""US"",""shares"":""159"",""currentPrice"":45.36,""change"":-1.626545217957059,""valueTWD"":230803.16,""targetPct"":14},{""id"":1771739139088,""symbol"":"""",""type"":""cash"",""shares"":""380000"",""currentPrice"":1,""change"":0,""valueTWD"":380000,""targetPct"":20}]},{""id"":""1771743053489"",""name"":""第一金"",""value"":1207618.8,""entries"":[{""id"":1771742957222,""symbol"":""00713"",""type"":""TW"",""shares"":""9000"",""currentPrice"":50.95,""change"":-1.4506769825918762,""valueTWD"":458550,""targetPct"":37},{""id"":1771742979259,""symbol"":""00910"",""type"":""TW"",""shares"":""3000"",""currentPrice"":55.85,""change"":-2.4454148471615698,""valueTWD"":167550,""targetPct"":13},{""id"":1771743023570,""symbol"":""00631L"",""type"":""TW"",""shares"":""1171"",""currentPrice"":442.8,""change"":-5.656759348034518,""valueTWD"":518518.8,""targetPct"":45},{""id"":1771743050550,""symbol"":""00991A"",""type"":""TW"",""shares"":""5000"",""currentPrice"":12.6,""change"":-3.9634146341463388,""valueTWD"":63000,""targetPct"":5}]}]"
2026-03-24,2026-03-24T06:00:52.032Z,3104099.79,"[{""id"":""1771739140545"",""name"":""國泰"",""value"":1887921.1400000001,""entries"":[{""id"":1771739073757,""symbol"":""00631L"",""type"":""TW"",""shares"":""1677"",""currentPrice"":443.15,""change"":0.07904245709122987,""valueTWD"":743162.55,""targetPct"":32},{""id"":1771739088789,""symbol"":""SHLD"",""type"":""US"",""shares"":""97"",""currentPrice"":73.06,""change"":-0.10937927262783469,""valueTWD"":226708.48,""targetPct"":14},{""id"":1771739103427,""symbol"":""QLD"",""type"":""US"",""shares"":""148"",""currentPrice"":63.58,""change"":2.3338161918557794,""valueTWD"":301022.25,""targetPct"":20},{""id"":1771739115751,""symbol"":""UFO"",""type"":""US"",""shares"":""159"",""currentPrice"":46.6,""change"":2.665785415289713,""valueTWD"":237027.86,""targetPct"":14},{""id"":1771739139088,""symbol"":"""",""type"":""cash"",""shares"":""380000"",""currentPrice"":1,""change"":0,""valueTWD"":380000,""targetPct"":20}]},{""id"":""1771743053489"",""name"":""第一金"",""value"":1216178.65,""entries"":[{""id"":1771742957222,""symbol"":""00713"",""type"":""TW"",""shares"":""9000"",""currentPrice"":51.35,""change"":0.785083415112853,""valueTWD"":462150,""targetPct"":37},{""id"":1771742979259,""symbol"":""00910"",""type"":""TW"",""shares"":""3000"",""currentPrice"":57.95,""change"":3.76007162041182,""valueTWD"":173850,""targetPct"":13},{""id"":1771743023570,""symbol"":""00631L"",""type"":""TW"",""shares"":""1171"",""currentPrice"":443.15,""change"":0.07904245709122987,""valueTWD"":518928.65,""targetPct"":45},{""id"":1771743050550,""symbol"":""00991A"",""type"":""TW"",""shares"":""5000"",""currentPrice"":12.25,""change"":-2.777777777777775,""valueTWD"":61250,""targetPct"":5}]}]"
2026-03-25,2026-03-25T06:00:00.426Z,3113673.32,"[{""id"":""1771739140545"",""name"":""國泰"",""value"":1888194.67,""entries"":[{""id"":1771739073757,""symbol"":""00631L"",""type"":""TW"",""shares"":""1677"",""currentPrice"":443.15,""change"":0.07904245709122987,""valueTWD"":743162.55,""targetPct"":32},{""id"":1771739088789,""symbol"":""SHLD"",""type"":""US"",""shares"":""97"",""currentPrice"":72.19,""change"":-1.190802080481802,""valueTWD"":227578.97,""targetPct"":14},{""id"":1771739103427,""symbol"":""QLD"",""type"":""US"",""shares"":""148"",""currentPrice"":62.64,""change"":-1.478452343504243,""valueTWD"":301298.4,""targetPct"":20},{""id"":1771739115751,""symbol"":""UFO"",""type"":""US"",""shares"":""159"",""currentPrice"":45.7,""change"":-1.9313304721030013,""valueTWD"":236154.75,""targetPct"":14},{""id"":1771739139088,""symbol"":"""",""type"":""cash"",""shares"":""380000"",""currentPrice"":1,""change"":0,""valueTWD"":380000,""targetPct"":20}]},{""id"":""1771743053489"",""name"":""第一金"",""value"":1225478.65,""entries"":[{""id"":1771742957222,""symbol"":""00713"",""type"":""TW"",""shares"":""9000"",""currentPrice"":51.85,""change"":0.973709834469328,""valueTWD"":466650,""targetPct"":37},{""id"":1771742979259,""symbol"":""00910"",""type"":""TW"",""shares"":""3000"",""currentPrice"":58.6,""change"":1.1216566005176851,""valueTWD"":175800,""targetPct"":13},{""id"":1771743023570,""symbol"":""00631L"",""type"":""TW"",""shares"":""1171"",""currentPrice"":443.15,""change"":0.07904245709122987,""valueTWD"":518928.65,""targetPct"":45},{""id"":1771743050550,""symbol"":""00991A"",""type"":""TW"",""shares"":""5000"",""currentPrice"":12.82,""change"":4.653061224489798,""valueTWD"":64100,""targetPct"":5}]}]"
2026-03-26,2026-03-26T06:00:37.283Z,3138469.42,"[{""id"":""1771739140545"",""name"":""國泰"",""value"":1907690.7700000003,""entries"":[{""id"":1771739073757,""symbol"":""00631L"",""type"":""TW"",""shares"":""1677"",""currentPrice"":443.15,""change"":0.07904245709122987,""valueTWD"":743162.55,""targetPct"":32},{""id"":1771739088789,""symbol"":""SHLD"",""type"":""US"",""shares"":""97"",""currentPrice"":73.53,""change"":1.856212771852062,""valueTWD"":231803.32,""targetPct"":14},{""id"":1771739103427,""symbol"":""QLD"",""type"":""US"",""shares"":""148"",""currentPrice"":63.43,""change"":1.282518027425953,""valueTWD"":305098.3,""targetPct"":20},{""id"":1771739115751,""symbol"":""UFO"",""type"":""US"",""shares"":""159"",""currentPrice"":47.92,""change"":4.857768052516408,""valueTWD"":247626.6,""targetPct"":14},{""id"":1771739139088,""symbol"":"""",""type"":""cash"",""shares"":""380000"",""currentPrice"":1,""change"":0,""valueTWD"":380000,""targetPct"":20}]},{""id"":""1771743053489"",""name"":""第一金"",""value"":1230778.65,""entries"":[{""id"":1771742957222,""symbol"":""00713"",""type"":""TW"",""shares"":""9000"",""currentPrice"":51.7,""change"":-0.28929604628736466,""valueTWD"":465300,""targetPct"":37},{""id"":1771742979259,""symbol"":""00910"",""type"":""TW"",""shares"":""3000"",""currentPrice"":61,""change"":4.0955631399317385,""valueTWD"":183000,""targetPct"":13},{""id"":1771743023570,""symbol"":""00631L"",""type"":""TW"",""shares"":""1171"",""currentPrice"":443.15,""change"":0.07904245709122987,""valueTWD"":518928.65,""targetPct"":45},{""id"":1771743050550,""symbol"":""00991A"",""type"":""TW"",""shares"":""5000"",""currentPrice"":12.71,""change"":-0.8580343213728504,""valueTWD"":63550,""targetPct"":5}]}]"
2026-03-27,2026-03-27T06:00:44.618Z,3090902.46,"[{""id"":""1771739140545"",""name"":""國泰"",""value"":1863773.81,""entries"":[{""id"":1771739073757,""symbol"":""00631L"",""type"":""TW"",""shares"":""1677"",""currentPrice"":443.15,""change"":0.07904245709122987,""valueTWD"":743162.55,""targetPct"":32},{""id"":1771739088789,""symbol"":""SHLD"",""type"":""US"",""shares"":""97"",""currentPrice"":71.6,""change"":-2.6247790017679953,""valueTWD"":221972.79,""targetPct"":14},{""id"":1771739103427,""symbol"":""QLD"",""type"":""US"",""shares"":""148"",""currentPrice"":60.43,""change"":-4.7296232066845345,""valueTWD"":285844.14,""targetPct"":20},{""id"":1771739115751,""symbol"":""UFO"",""type"":""US"",""shares"":""159"",""currentPrice"":45.81,""change"":-4.403171953255424,""valueTWD"":232794.33,""targetPct"":14},{""id"":1771739139088,""symbol"":"""",""type"":""cash"",""shares"":""380000"",""currentPrice"":1,""change"":0,""valueTWD"":380000,""targetPct"":20}]},{""id"":""1771743053489"",""name"":""第一金"",""value"":1227128.65,""entries"":[{""id"":1771742957222,""symbol"":""00713"",""type"":""TW"",""shares"":""9000"",""currentPrice"":51.6,""change"":-0.19342359767891956,""valueTWD"":464400,""targetPct"":37},{""id"":1771742979259,""symbol"":""00910"",""type"":""TW"",""shares"":""3000"",""currentPrice"":60.3,""change"":-1.147540983606562,""valueTWD"":180900,""targetPct"":13},{""id"":1771743023570,""symbol"":""00631L"",""type"":""TW"",""shares"":""1171"",""currentPrice"":443.15,""change"":0.07904245709122987,""valueTWD"":518928.65,""targetPct"":45},{""id"":1771743050550,""symbol"":""00991A"",""type"":""TW"",""shares"":""5000"",""currentPrice"":12.58,""change"":-1.0228166797797071,""valueTWD"":62900,""targetPct"":5}]}]"
2026-03-28,2026-03-28T06:00:34.640Z,3065896.4699999997,"[{""id"":""1771739140545"",""name"":""國泰"",""value"":1838767.82,""entries"":[{""id"":1771739073757,""symbol"":""00631L"",""type"":""TW"",""shares"":""1677"",""currentPrice"":443.15,""change"":0.07904245709122987,""valueTWD"":743162.55,""targetPct"":32},{""id"":1771739088789,""symbol"":""SHLD"",""type"":""US"",""shares"":""97"",""currentPrice"":69.87,""change"":-2.4162011173184217,""valueTWD"":216609.48,""targetPct"":14},{""id"":1771739103427,""symbol"":""QLD"",""type"":""US"",""shares"":""148"",""currentPrice"":58.05,""change"":-3.938441171603512,""valueTWD"":274586.33,""targetPct"":20},{""id"":1771739115751,""symbol"":""UFO"",""type"":""US"",""shares"":""159"",""currentPrice"":44.16,""change"":-3.6018336607727695,""valueTWD"":224409.46,""targetPct"":14},{""id"":1771739139088,""symbol"":"""",""type"":""cash"",""shares"":""380000"",""currentPrice"":1,""change"":0,""valueTWD"":380000,""targetPct"":20}]},{""id"":""1771743053489"",""name"":""第一金"",""value"":1227128.65,""entries"":[{""id"":1771742957222,""symbol"":""00713"",""type"":""TW"",""shares"":""9000"",""currentPrice"":51.6,""change"":-0.19342359767891956,""valueTWD"":464400,""targetPct"":37},{""id"":1771742979259,""symbol"":""00910"",""type"":""TW"",""shares"":""3000"",""currentPrice"":60.3,""change"":-1.147540983606562,""valueTWD"":180900,""targetPct"":13},{""id"":1771743023570,""symbol"":""00631L"",""type"":""TW"",""shares"":""1171"",""currentPrice"":443.15,""change"":0.07904245709122987,""valueTWD"":518928.65,""targetPct"":45},{""id"":1771743050550,""symbol"":""00991A"",""type"":""TW"",""shares"":""5000"",""currentPrice"":12.58,""change"":-1.0228166797797071,""valueTWD"":62900,""targetPct"":5}]}]"
2026-03-29,2026-03-29T06:00:42.642Z,3067732.88,"[{""id"":""1771739140545"",""name"":""國泰"",""value"":1840604.23,""entries"":[{""id"":1771739073757,""symbol"":""00631L"",""type"":""TW"",""shares"":""1677"",""currentPrice"":443.15,""change"":0.07904245709122987,""valueTWD"":743162.55,""targetPct"":32},{""id"":1771739088789,""symbol"":""SHLD"",""type"":""US"",""shares"":""97"",""currentPrice"":69.87,""change"":-2.4162011173184217,""valueTWD"":217165.35,""targetPct"":14},{""id"":1771739103427,""symbol"":""QLD"",""type"":""US"",""shares"":""148"",""currentPrice"":58.05,""change"":-3.938441171603512,""valueTWD"":275290.98,""targetPct"":20},{""id"":1771739115751,""symbol"":""UFO"",""type"":""US"",""shares"":""159"",""currentPrice"":44.16,""change"":-3.6018336607727695,""valueTWD"":224985.35,""targetPct"":14},{""id"":1771739139088,""symbol"":"""",""type"":""cash"",""shares"":""380000"",""currentPrice"":1,""change"":0,""valueTWD"":380000,""targetPct"":20}]},{""id"":""1771743053489"",""name"":""第一金"",""value"":1227128.65,""entries"":[{""id"":1771742957222,""symbol"":""00713"",""type"":""TW"",""shares"":""9000"",""currentPrice"":51.6,""change"":-0.19342359767891956,""valueTWD"":464400,""targetPct"":37},{""id"":1771742979259,""symbol"":""00910"",""type"":""TW"",""shares"":""3000"",""currentPrice"":60.3,""change"":-1.147540983606562,""valueTWD"":180900,""targetPct"":13},{""id"":1771743023570,""symbol"":""00631L"",""type"":""TW"",""shares"":""1171"",""currentPrice"":443.15,""change"":0.07904245709122987,""valueTWD"":518928.65,""targetPct"":45},{""id"":1771743050550,""symbol"":""00991A"",""type"":""TW"",""shares"":""5000"",""currentPrice"":12.58,""change"":-1.0228166797797071,""valueTWD"":62900,""targetPct"":5}]}]"
2026-03-31,2026-03-30T19:43:47.860Z,3032945.4699999997,"[{""id"":""1771739140545"",""name"":""國泰"",""value"":1820466.82,""entries"":[{""id"":""1771739073757"",""symbol"":""00631L"",""type"":""TW"",""shares"":1677,""currentPrice"":443.15,""change"":0,""valueTWD"":743162.55,""targetPct"":32},{""id"":""1771739088789"",""symbol"":""SHLD"",""type"":""US"",""shares"":97,""currentPrice"":68.14,""change"":-2.4760269071132157,""valueTWD"":211675.47,""targetPct"":14},{""id"":""1771739103427"",""symbol"":""QLD"",""type"":""US"",""shares"":148,""currentPrice"":56.81,""change"":-2.1360895779500346,""valueTWD"":269267.03,""targetPct"":20},{""id"":""1771739115751"",""symbol"":""UFO"",""type"":""US"",""shares"":159,""currentPrice"":42.49,""change"":-3.781702898550713,""valueTWD"":216361.77,""targetPct"":14},{""id"":""1771739139088"",""symbol"":""TWD CASH"",""type"":""cash"",""shares"":380000,""currentPrice"":1,""change"":0,""valueTWD"":380000,""targetPct"":20}]},{""id"":""1771743053489"",""name"":""第一金"",""value"":1212478.65,""entries"":[{""id"":""1771742957222"",""symbol"":""00713"",""type"":""TW"",""shares"":9000,""currentPrice"":51.1,""change"":-0.9689922480620154,""valueTWD"":459900,""targetPct"":37},{""id"":""1771742979259"",""symbol"":""00910"",""type"":""TW"",""shares"":3000,""currentPrice"":57.25,""change"":-5.058043117744606,""valueTWD"":171750,""targetPct"":13},{""id"":""1771743023570"",""symbol"":""00631L"",""type"":""TW"",""shares"":1171,""currentPrice"":443.15,""change"":0,""valueTWD"":518928.65,""targetPct"":45},{""id"":""1771743050550"",""symbol"":""00991A"",""type"":""TW"",""shares"":5000,""currentPrice"":12.38,""change"":-1.5898251192368782,""valueTWD"":61900,""targetPct"":5}]}]"
2026-04-20,2026-04-20T06:00:54.384Z,3605010.93,"[{""id"":""1771739140545"",""name"":""國泰"",""value"":2151551.5,""entries"":[{""id"":""1771739073757"",""symbol"":""00631L"",""type"":""TW"",""shares"":""35244"",""currentPrice"":25.99,""change"":1.5631105900742421,""valueTWD"":915991.56,""targetPct"":32},{""id"":""1771739088789"",""symbol"":""SHLD"",""type"":""US"",""shares"":97,""currentPrice"":73.3499984741211,""change"":-0.5288873418482521,""valueTWD"":224070.87,""targetPct"":14},{""id"":""1771739103427"",""symbol"":""QLD"",""type"":""US"",""shares"":148,""currentPrice"":76.7300033569336,""change"":2.5802183916224553,""valueTWD"":357635.39,""targetPct"":20},{""id"":""1771739115751"",""symbol"":""UFO"",""type"":""US"",""shares"":159,""currentPrice"":54.689998626708984,""change"":-0.018284046235865572,""valueTWD"":273853.68,""targetPct"":14},{""id"":""1771739139088"",""symbol"":""TWD CASH"",""type"":""cash"",""shares"":380000,""currentPrice"":1,""change"":0,""valueTWD"":380000,""targetPct"":20}]},{""id"":""1771743053489"",""name"":""第一金"",""value"":1453459.4300000002,""entries"":[{""id"":""1771742957222"",""symbol"":""00713"",""type"":""TW"",""shares"":9000,""currentPrice"":54.2,""change"":0.3703703703703756,""valueTWD"":487800,""targetPct"":37},{""id"":""1771742979259"",""symbol"":""00910"",""type"":""TW"",""shares"":3000,""currentPrice"":71.25,""change"":-0.6968641114982579,""valueTWD"":213750,""targetPct"":13},{""id"":""1771743023570"",""symbol"":""00631L"",""type"":""TW"",""shares"":""26057"",""currentPrice"":25.99,""change"":1.5631105900742421,""valueTWD"":677221.43,""targetPct"":45},{""id"":""1771743050550"",""symbol"":""00994A"",""type"":""TW"",""shares"":""4800"",""currentPrice"":15.56,""change"":1.8991486574983687,""valueTWD"":74688,""targetPct"":5}]}]"
2026-04-01,2026-04-01T06:00:00.000Z,3146961.27704282,"[{""id"":""1771739140545"",""name"":""國泰"",""value"":1901214.2770428201,""entries"":[{""id"":""1771739073757"",""symbol"":""00631L"",""type"":""TW"",""shares"":""36894"",""currentPrice"":21,""change"":9.03,""valueTWD"":774774,""targetPct"":32},{""id"":""1771739088789"",""symbol"":""SHLD"",""type"":""US"",""shares"":97,""currentPrice"":73.48,""change"":3.73,""valueTWD"":224187.92727276002,""targetPct"":14},{""id"":""1771739103427"",""symbol"":""QLD"",""type"":""US"",""shares"":148,""currentPrice"":62.49,""change"":2.44,""valueTWD"":290899.90531692,""targetPct"":20},{""id"":""1771739115751"",""symbol"":""UFO"",""type"":""US"",""shares"":159,""currentPrice"":46.26,""change"":3.24,""valueTWD"":231352.44445313996,""targetPct"":14},{""id"":""1771739139088"",""symbol"":""TWD CASH"",""type"":""cash"",""shares"":380000,""currentPrice"":1,""change"":0,""valueTWD"":380000,""targetPct"":20}]},{""id"":""1771743053489"",""name"":""第一金"",""value"":1245747,""entries"":[{""id"":""1771742957222"",""symbol"":""00713"",""type"":""TW"",""shares"":9000,""currentPrice"":51.5,""change"":1.68,""valueTWD"":463500,""targetPct"":37},{""id"":""1771742979259"",""symbol"":""00910"",""type"":""TW"",""shares"":3000,""currentPrice"":57.45,""change"":5.41,""valueTWD"":172350,""targetPct"":13},{""id"":""1771743023570"",""symbol"":""00631L"",""type"":""TW"",""shares"":""26057"",""currentPrice"":21,""change"":9.03,""valueTWD"":547197,""targetPct"":45},{""id"":""1771743050550"",""symbol"":""00991A"",""type"":""TW"",""shares"":""5000"",""currentPrice"":12.54,""change"":6.72,""valueTWD"":62699.99999999999,""targetPct"":5}]}]"
2026-04-02,2026-04-02T06:00:00.000Z,3100330.1247634497,"[{""id"":""1771739140545"",""name"":""國泰"",""value"":1880850.12476345,""entries"":[{""id"":""1771739073757"",""symbol"":""00631L"",""type"":""TW"",""shares"":""36894"",""currentPrice"":20,""change"":-4.76,""valueTWD"":737880,""targetPct"":32},{""id"":""1771739088789"",""symbol"":""SHLD"",""type"":""US"",""shares"":97,""currentPrice"":73.96,""change"":0.65,""valueTWD"":225652.41019451997,""targetPct"":14},{""id"":""1771739103427"",""symbol"":""QLD"",""type"":""US"",""shares"":148,""currentPrice"":62.6,""change"":0.18,""valueTWD"":291411.97108080005,""targetPct"":20},{""id"":""1771739115751"",""symbol"":""UFO"",""type"":""US"",""shares"":159,""currentPrice"":49.17,""change"":6.29,""valueTWD"":245905.74348813,""targetPct"":14},{""id"":""1771739139088"",""symbol"":""TWD CASH"",""type"":""cash"",""shares"":380000,""currentPrice"":1,""change"":0,""valueTWD"":380000,""targetPct"":20}]},{""id"":""1771743053489"",""name"":""第一金"",""value"":1219480,""entries"":[{""id"":""1771742957222"",""symbol"":""00713"",""type"":""TW"",""shares"":9000,""currentPrice"":51.36,""change"":-0.29,""valueTWD"":462240,""targetPct"":37},{""id"":""1771742979259"",""symbol"":""00910"",""type"":""TW"",""shares"":3000,""currentPrice"":58.2,""change"":1.31,""valueTWD"":174600,""targetPct"":13},{""id"":""1771743023570"",""symbol"":""00631L"",""type"":""TW"",""shares"":""26057"",""currentPrice"":20,""change"":-4.76,""valueTWD"":521140,""targetPct"":45},{""id"":""1771743050550"",""symbol"":""00991A"",""type"":""TW"",""shares"":""5000"",""currentPrice"":12.3,""change"":-1.91,""valueTWD"":61500,""targetPct"":5}]}]"
2026-04-03,2026-04-03T06:00:00.000Z,3100240.1247634497,"[{""id"":""1771739140545"",""name"":""國泰"",""value"":1880850.12476345,""entries"":[{""id"":""1771739073757"",""symbol"":""00631L"",""type"":""TW"",""shares"":""36894"",""currentPrice"":20,""change"":-4.76,""valueTWD"":737880,""targetPct"":32},{""id"":""1771739088789"",""symbol"":""SHLD"",""type"":""US"",""shares"":97,""currentPrice"":73.96,""change"":0.65,""valueTWD"":225652.41019451997,""targetPct"":14},{""id"":""1771739103427"",""symbol"":""QLD"",""type"":""US"",""shares"":148,""currentPrice"":62.6,""change"":0.18,""valueTWD"":291411.97108080005,""targetPct"":20},{""id"":""1771739115751"",""symbol"":""UFO"",""type"":""US"",""shares"":159,""currentPrice"":49.17,""change"":6.29,""valueTWD"":245905.74348813,""targetPct"":14},{""id"":""1771739139088"",""symbol"":""TWD CASH"",""type"":""cash"",""shares"":380000,""currentPrice"":1,""change"":0,""valueTWD"":380000,""targetPct"":20}]},{""id"":""1771743053489"",""name"":""第一金"",""value"":1219390,""entries"":[{""id"":""1771742957222"",""symbol"":""00713"",""type"":""TW"",""shares"":9000,""currentPrice"":51.35,""change"":-0.29,""valueTWD"":462150,""targetPct"":37},{""id"":""1771742979259"",""symbol"":""00910"",""type"":""TW"",""shares"":3000,""currentPrice"":58.2,""change"":1.31,""valueTWD"":174600,""targetPct"":13},{""id"":""1771743023570"",""symbol"":""00631L"",""type"":""TW"",""shares"":""26057"",""currentPrice"":20,""change"":-4.76,""valueTWD"":521140,""targetPct"":45},{""id"":""1771743050550"",""symbol"":""00991A"",""type"":""TW"",""shares"":""5000"",""currentPrice"":12.3,""change"":-1.91,""valueTWD"":61500,""targetPct"":5}]}]"